horizon_hours,history_hours,seed_count,MAE_mean,MAE_std,MAE_min,MAE_max,MAE_cv,best_seed,worst_seed,SeasonalHistoricalAverage_MAE,all_seeds_outperform_seasonal,mean_improvement_percent_vs_seasonal
1,72,3,1.0098891725057182,0.08085577013809789,0.921559664498251,1.0802470377411098,0.08006400339700648,42,2025,1.178897282310066,True,14.336118365899864
3,168,3,0.9658078835088088,0.05838013042288096,0.89997770819525,1.0112939950631146,0.06044693920988117,2025,42,1.0540818485088488,True,8.374488672290134
6,24,3,0.8596460055087297,0.041126009476463714,0.8173141542202976,0.899449512281642,0.04784063348508874,20260623,42,0.9519557742157024,True,9.69685474968886
